{"cameraMode":{"drawMode":0,"name":"Shaded","section":"Shading Mode"},"sceneLighting":true,"audioPlay":false,"sceneViewState":{"showFog":true,"showMaterialUpdate":false,"showSkybox":true,"showFlares":true,"showImageEffects":true,"showParticleSystems":true},"in2DMode":false,"pivot":{"x":284.4996337890625,"y":271.9942932128906,"z":0.0},"rotation":{"x":0.06121217459440231,"y":-0.08970872312784195,"z":0.0055240122601389889,"w":0.9940699934959412},"size":106.70244598388672,"orthographic":true}