{"cameraMode":{"drawMode":0,"name":"Shaded","section":"Shading Mode"},"sceneLighting":true,"audioPlay":false,"sceneViewState":{"showFog":true,"showMaterialUpdate":false,"showSkybox":true,"showFlares":true,"showImageEffects":true,"showParticleSystems":true},"in2DMode":false,"pivot":{"x":-1.1159367561340333,"y":5.573944091796875,"z":13.040733337402344},"rotation":{"x":0.06121217459440231,"y":-0.08970872312784195,"z":0.0055240122601389889,"w":0.9940699934959412},"size":23.258380889892579,"orthographic":true}